<?xml version="1.0" encoding="UTF-8"?>
<beans xmlns="http://www.springframework.org/schema/beans"
       xmlns:xsi="http://www.w3.org/2001/XMLSchema-instance"
       xmlns:os-core="http://www.openspaces.org/schema/core"
       xsi:schemaLocation="http://www.springframework.org/schema/beans http://www.springframework.org/schema/beans/spring-beans.xsd
       http://www.openspaces.org/schema/core http://www.openspaces.org/schema/core/openspaces-core.xsd">

    <!-- Enable GigaSpaces annotation support -->
    <os-core:annotation-support/>

    <bean id="propertiesConfigurer" class="org.springframework.beans.factory.config.PropertyPlaceholderConfigurer"/>

        <bean id="syncEndpointClientConnector"
                class="com.gs.azure.AzureClientConnectorBeanFatory">
                <property name="accountName" value="${azure.accountName}" />
                <property name="accountKey" value="${azure.accountKey}" />
        </bean>


	<bean id="azureSpaceSyncEndpoint"
		class="com.gs.azure.AzureSpaceSyncEndpointBeanFactory">
		<property name="azureClientConnector" ref="syncEndpointClientConnector" />
		<property name="spaceName" value="${space.name}" />
	</bean>



    <os-core:mirror id="mirror" url="/./mirror-service" space-sync-endpoint="azureSpaceSyncEndpoint" operation-grouping="group-by-space-transaction">
        <os-core:source-space name="${space.name}" partitions="${partitions}" backups="${backups}"/>
</os-core:mirror>

</beans>
