<?xml version="1.0" encoding="UTF-8"?>
<beans xmlns="http://www.springframework.org/schema/beans"
       xmlns:xsi="http://www.w3.org/2001/XMLSchema-instance"
       xmlns:os-core="http://www.openspaces.org/schema/core"
       xsi:schemaLocation="http://www.springframework.org/schema/beans http://www.springframework.org/schema/beans/spring-beans.xsd
       http://www.openspaces.org/schema/core http://www.openspaces.org/schema/core/openspaces-core.xsd">
       
    <!-- Enable GigaSpaces annotation support -->
    <os-core:annotation-support/>
        <blob-store:rocksdb-blob-store id="rocksDbBlobstore" main-path="${store-path}"/>
    <bean id="propertiesConfigurer" class="org.springframework.beans.factory.config.PropertyPlaceholderConfigurer"/>
        <context:annotation-config />
        <os-core:annotation-support />
    <bean id="dataSourceClientConnector"
          class="com.gs.azure.AzureClientConnectorBeanFatory">
        <property name="accountName" value="${azure.accountName}" />
        <property name="accountKey" value="${azure.accountKey}" />
    </bean>

    <bean id="spaceDataSource" class="com.gs.azure.AzureSpaceDataSourceBeanFactory">
        <property name="azureClientConnector" ref="dataSourceClientConnector"/>
        <property name="spaceName" value="${space.name}"/>
        <property name="readAheadSize" value="${azure.readAheadSize}"/>
    </bean>
    <os-core:embedded-space id="space" space-name="${space.name}"  mirrored="true" space-data-source="spaceDataSource">
                <os-core:blob-store-data-policy persistent="true" blob-store-handler="rocksDbBlobstore"/>
                <os-core:blob-store-data-policy blob-store-handler="rocksDbBlobstore" cache-entries-percentage="1" />
        <os-core:properties>
            <props>
                <!-- Use ALL IN CACHE - Read Only from the database-->
                <prop key="space-config.engine.cache_policy">1</prop>
                <prop key="space-config.external-data-source.usage">read-only</prop>
                <prop key="cluster-config.cache-loader.external-data-source">true</prop>
                <prop key="cluster-config.cache-loader.central-data-source">true</prop>
		<prop key="cluster-config.mirror-service.bulk-size">4000</prop> 
		<prop key="cluster-config.mirror-service.interval-millis">500</prop> 
		<prop key="cluster-config.mirror-service.interval-opers">4000</prop>		
		<prop key="space-config.mirror-service.operation-grouping">group-by-replication-bulk</prop>

	    </props>
        </os-core:properties>
    </os-core:embedded-space>
</beans>
